{"cameraMode":{"drawMode":0,"name":"Shaded","section":"Shading Mode"},"sceneLighting":false,"audioPlay":false,"sceneViewState":{"showFog":false,"showMaterialUpdate":false,"showSkybox":false,"showFlares":false,"showImageEffects":false,"showParticleSystems":false},"in2DMode":false,"pivot":{"x":247.61279296875,"y":139.4651336669922,"z":0.11446146667003632},"rotation":{"x":-0.09749288111925125,"y":-0.06228751689195633,"z":0.005596953444182873,"w":-0.9932694435119629},"size":85.98705291748047,"orthographic":false}